{
  "name": "WiFiNINA_Generic",
  "version": "1.8.15-1",
  "keywords": "wifi, wi-fi, WiFiNINA, NINA-B302-ublox, W101, W102, shield, Teensy, SAM DUE, SAMD, STM32, nRF52, rpi-pico, rp2040, Credentials, Manager, nano-rp2040-connect, raspberry-pi-pico, mega, 32u4",
  "description": "Enables network connection (local and Internet) and WiFiStorage for SAM DUE, SAMD21, SAMD51, Teensy, AVR (328P, 32u4, 16u4, etc.), Mega, STM32F/L/H/G/WB/MP1, nRF52, NINA_B302_ublox, NINA_B112_ublox, RP2040-based boards, etc. in addition to Arduino MKR WiFi 1010, Arduino MKR VIDOR 4000, Arduino UNO WiFi Rev.2, Nano 33 IoT, Nano RP2040 Connect. Now with fix of severe limitation to permit sending much larger data than total 4K and using new WiFi101_Generic library",
  "authors": [
    {
      "name":  "Arduino",
      "url":   "http://www.arduino.cc/en/Reference/WiFiNINA",
      "email": "info@arduino.cc"
    },
    {
      "name":  "Khoi Hoang",
      "url":   "https://github.com/khoih-prog",
      "email": "khoih.prog@gmail.com",
      "maintainer": true
    }
  ],
  "repository":
  {
    "type": "git",
    "url": "https://github.com/khoih-prog/WiFiNINA_Generic"
  },
  "homepage": "https://github.com/khoih-prog/WiFiNINA_Generic",
  "export": {
    "exclude": [
      "linux",
      "extras",
      "tests"
    ]
  },
  "dependencies": 
  [
    {
      "owner": "khoih-prog",
      "name": "WiFiMulti_Generic",
      "version": ">=1.2.2",
      "platforms": ["*"]
    },
    {
      "owner": "khoih-prog",
      "name": "WiFi101_Generic",
      "version": ">=1.0.0",
      "platforms": ["*"]
    }
  ],
  "frameworks": "*",
  "platforms": "*",
  "examples": "examples/*/*/*.ino",
  "headers": ["WiFiNINA_Generic.h"]
}
